<?xml version="1.0" encoding="UTF-8"?>
<beans xmlns="http://www.springframework.org/schema/beans"
	xmlns:xsi="http://www.w3.org/2001/XMLSchema-instance"
	xsi:schemaLocation="http://www.springframework.org/schema/beans
        https://www.springframework.org/schema/beans/spring-beans.xsd">

	<bean id="dataSource"
		class="org.apache.commons.dbcp.BasicDataSource">
		<property name="driverClassName"
			value="com.mysql.jdbc.Driver"></property>
		<property name="url"
			value="jdbc:mysql://localhost:3306/dellfsd"></property>
		<property name="username" value="root"></property>
		<property name="password" value="root"></property>
	</bean>
	
	<bean id="factory" class="org.springframework.orm.hibernate4.LocalSessionFactoryBean">
	<property name="dataSource" ref="dataSource"></property>
	<property name="annotatedClasses">
	<list>
	<value>com.demo.player.model.Player</value>
	<!-- <value>any other persistant object</value> -->
	</list>
	</property>
	<property name="hibernateProperties">
	<props>
	<prop key="hibernate.dialect">org.hibernate.dialect.MySQLDialect</prop>
	<prop key="hibernate.show_sql">true</prop>
	<prop key="hibernate.format_sql">true</prop>
	<prop key="hibernate.hbm2ddl.auto">update</prop>
	</props>
	
	</property>
	</bean>
	
	<bean id="dao" class="com.demo.player.dao.impl.PlayerDAOImpl">
	<property name="factory" ref="factory"></property>
	</bean>
	</beans>