<?xml version="1.0" encoding="UTF-8"?>
<beans xmlns="http://www.springframework.org/schema/beans"
	xmlns:xsi="http://www.w3.org/2001/XMLSchema-instance"
	xsi:schemaLocation="http://www.springframework.org/schema/beans
        https://www.springframework.org/schema/beans/spring-beans.xsd">

	<bean id="a1" class="com.demo.model.Address">
		<property name="aid" value="3000"></property>
		<property name="addressDetails" value="some street, Hubli"></property>
	</bean>

	<bean id="a2" class="com.demo.model.Address">
		<property name="aid" value="3001"></property>
		<property name="addressDetails"
			value="some street, Bangalore"></property>
	</bean>
	<bean id="a3" class="com.demo.model.Address">
		<constructor-arg name="aid" value="3002"></constructor-arg>
		<constructor-arg name="addressDetails" value="some street, DELHI"></constructor-arg>
	</bean>
	
	<bean id="e1" class="com.demo.model.Employee">
	<property name="id" value="100"></property>
	<property name="name" value="Dinesh"></property>
	<property name="addressList">
	<list>
	<ref bean="a1"/>
	<ref bean="a2"/>
	<ref bean="a3"/>
	<ref bean="a1"/>
	</list>
	</property>
	</bean>
</beans>