<?xml version="1.0" encoding="UTF-8"?>
<beans xmlns="http://www.springframework.org/schema/beans"
	xmlns:xsi="http://www.w3.org/2001/XMLSchema-instance"
	xsi:schemaLocation="http://www.springframework.org/schema/beans
        https://www.springframework.org/schema/beans/spring-beans.xsd">

	<!-- <bean id="p1" class="com.demo.model.Player" lazy-init="true">
	<constructor-arg name="id" value="100"></constructor-arg>
	<constructor-arg name="name" value="Sachin R T"></constructor-arg>
	</bean>
	
	<bean id="p2" class="com.demo.model.Player"  >
	<property name="id" value="101"></property>
	<property name="name" value="Virat Kohli"></property>
	</bean> -->
	
	<bean id="t1" class="com.demo.model.Team" >
	<property name="tid" value="9000"></property>
	<property name="teamName" value="INDIA"></property>
	</bean>
	<bean id="t2" class="com.demo.model.Team" >
	<property name="tid" value="9001"></property>
	<property name="teamName" value="WINDIES"></property>
	</bean>
	
	<bean id="p1" class="com.demo.model.Player" lazy-init="true">
	<constructor-arg name="id" value="100"></constructor-arg>
	<constructor-arg name="name" value="Sachin R T"></constructor-arg>
	</bean>
	<bean id="p3" class="com.demo.model.Player" lazy-init="true">
	<constructor-arg name="id" value="101"></constructor-arg>
	<constructor-arg name="name" value="MSD"></constructor-arg>
	<constructor-arg name="team" ref="t1"></constructor-arg>
	</bean>
	<bean id="p2" class="com.demo.model.Player"  >
	<property name="id" value="102"></property>
	<property name="name" value="Virat Kohli"></property>
	<property name="team" ref="t1"></property>
	</bean>
	<bean id="p4" class="com.demo.model.Player"  >
	<property name="id" value="103"></property>
	<property name="name" value="Chris Gayle"></property>
	<property name="team" ref="t2"></property>
	</bean>
</beans>
<!-- scope="prototype" -->